"id_analise_pendente","id_orgao_analise_pendente_pt","nome_orgao_analise_pendente_pt","id_plano_trabalho"
"43403-304",304,"Ministério da Saúde",43403
"42544-308799",308799,"Ministério da Integração e do Desenvolvimento Regional",42544
"40160-308796",308796,"Ministério do Desenvolvimento e Assistência Social, Família e Combate à Fome",40160
"39545-308799",308799,"Ministério da Integração e do Desenvolvimento Regional",39545
"35082-304",304,"Ministério da Saúde",35082
"38021-304",304,"Ministério da Saúde",38021
"42012-308799",308799,"Ministério da Integração e do Desenvolvimento Regional",42012
"39269-2207",2207,"Fundação Nacional de Saúde",39269
"40215-308796",308796,"Ministério do Desenvolvimento e Assistência Social, Família e Combate à Fome",40215
"41335-304",304,"Ministério da Saúde",41335
"37695-308798",308798,"Ministério das Cidades",37695
"37695-308799",308799,"Ministério da Integração e do Desenvolvimento Regional",37695
"39255-2207",2207,"Fundação Nacional de Saúde",39255
"39271-2207",2207,"Fundação Nacional de Saúde",39271
"41013-304",304,"Ministério da Saúde",41013
"36719-308799",308799,"Ministério da Integração e do Desenvolvimento Regional",36719
"43839-304",304,"Ministério da Saúde",43839
"37442-308799",308799,"Ministério da Integração e do Desenvolvimento Regional",37442
"42477-304",304,"Ministério da Saúde",42477
"38560-304",304,"Ministério da Saúde",38560
"42608-1927",1927,"Ministério do Meio Ambiente",42608
"43897-308794",308794,"Ministério do Desenvolvimento Agrário e Agricultura Familiar",43897
"35969-2207",2207,"Fundação Nacional de Saúde",35969
"35969-304",304,"Ministério da Saúde",35969
"35933-2207",2207,"Fundação Nacional de Saúde",35933
"35933-304",304,"Ministério da Saúde",35933
"35952-2207",2207,"Fundação Nacional de Saúde",35952
"35952-304",304,"Ministério da Saúde",35952
"35983-2207",2207,"Fundação Nacional de Saúde",35983
"35983-304",304,"Ministério da Saúde",35983
"35927-304",304,"Ministério da Saúde",35927
"35927-2207",2207,"Fundação Nacional de Saúde",35927
"34261-308798",308798,"Ministério das Cidades",34261
"34261-2207",2207,"Fundação Nacional de Saúde",34261
"38794-308798",308798,"Ministério das Cidades",38794
"41152-308793",308793,"Ministério da Agricultura e Pecuária",41152
"37925-304",304,"Ministério da Saúde",37925
"39440-308796",308796,"Ministério do Desenvolvimento e Assistência Social, Família e Combate à Fome",39440
"35295-308798",308798,"Ministério das Cidades",35295
"34502-308794",308794,"Ministério do Desenvolvimento Agrário e Agricultura Familiar",34502
"41786-308798",308798,"Ministério das Cidades",41786
"41613-308799",308799,"Ministério da Integração e do Desenvolvimento Regional",41613
"43097-2207",2207,"Fundação Nacional de Saúde",43097
"43097-304",304,"Ministério da Saúde",43097
"40605-267175",267175,"Ministério da Ciência, Tecnologia e Inovações",40605
"36203-253",253,"Fundo Nacional de Desenvolvimento da Educação",36203
"43819-304",304,"Ministério da Saúde",43819
"43728-304",304,"Ministério da Saúde",43728
"43197-308796",308796,"Ministério do Desenvolvimento e Assistência Social, Família e Combate à Fome",43197
"39361-308798",308798,"Ministério das Cidades",39361
"34888-1799",1799,"Instituto Nacional de Colonização e Reforma Agrária",34888
"41985-304",304,"Ministério da Saúde",41985
"41985-2207",2207,"Fundação Nacional de Saúde",41985
"35097-72084",72084,"Ministério do Turismo",35097
"36179-308799",308799,"Ministério da Integração e do Desenvolvimento Regional",36179
"39559-308821",308821,"Ministério da Cultura",39559
"43162-308798",308798,"Ministério das Cidades",43162
"43162-2207",2207,"Fundação Nacional de Saúde",43162
"35304-308795",308795,"Ministério da Pesca e Aquicultura",35304
"35304-308793",308793,"Ministério da Agricultura e Pecuária",35304
"36559-1927",1927,"Ministério do Meio Ambiente",36559
"43406-308821",308821,"Ministério da Cultura",43406
"35758-308798",308798,"Ministério das Cidades",35758
"35758-2207",2207,"Fundação Nacional de Saúde",35758
"36239-2207",2207,"Fundação Nacional de Saúde",36239
"36239-304",304,"Ministério da Saúde",36239
"34542-308799",308799,"Ministério da Integração e do Desenvolvimento Regional",34542
"39406-304",304,"Ministério da Saúde",39406
"39406-2207",2207,"Fundação Nacional de Saúde",39406
"41888-308793",308793,"Ministério da Agricultura e Pecuária",41888
"41135-1927",1927,"Ministério do Meio Ambiente",41135
"39163-2207",2207,"Fundação Nacional de Saúde",39163
"39163-304",304,"Ministério da Saúde",39163
"43822-304",304,"Ministério da Saúde",43822
"34833-308798",308798,"Ministério das Cidades",34833
"34833-304",304,"Ministério da Saúde",34833
"34833-2207",2207,"Fundação Nacional de Saúde",34833
"41535-308796",308796,"Ministério do Desenvolvimento e Assistência Social, Família e Combate à Fome",41535
"41666-308799",308799,"Ministério da Integração e do Desenvolvimento Regional",41666
"40570-304",304,"Ministério da Saúde",40570
"38148-253",253,"Fundo Nacional de Desenvolvimento da Educação",38148
"35188-267175",267175,"Ministério da Ciência, Tecnologia e Inovações",35188
"40991-2207",2207,"Fundação Nacional de Saúde",40991
"41594-2207",2207,"Fundação Nacional de Saúde",41594
"41594-308798",308798,"Ministério das Cidades",41594
"35685-2207",2207,"Fundação Nacional de Saúde",35685
"35685-304",304,"Ministério da Saúde",35685
"40634-308798",308798,"Ministério das Cidades",40634
"43202-304",304,"Ministério da Saúde",43202
"43202-2207",2207,"Fundação Nacional de Saúde",43202
"43047-304",304,"Ministério da Saúde",43047
"42803-1927",1927,"Ministério do Meio Ambiente",42803
"41284-308794",308794,"Ministério do Desenvolvimento Agrário e Agricultura Familiar",41284
"43180-308798",308798,"Ministério das Cidades",43180
"38299-308798",308798,"Ministério das Cidades",38299
"37740-308798",308798,"Ministério das Cidades",37740
"36114-308793",308793,"Ministério da Agricultura e Pecuária",36114
"34721-308798",308798,"Ministério das Cidades",34721
"40500-72084",72084,"Ministério do Turismo",40500
"39886-253",253,"Fundo Nacional de Desenvolvimento da Educação",39886
"36015-308796",308796,"Ministério do Desenvolvimento e Assistência Social, Família e Combate à Fome",36015
"42504-253",253,"Fundo Nacional de Desenvolvimento da Educação",42504
"39096-253",253,"Fundo Nacional de Desenvolvimento da Educação",39096
"43405-2207",2207,"Fundação Nacional de Saúde",43405
"39368-304",304,"Ministério da Saúde",39368
"39368-2207",2207,"Fundação Nacional de Saúde",39368
"39428-308794",308794,"Ministério do Desenvolvimento Agrário e Agricultura Familiar",39428
"37876-2207",2207,"Fundação Nacional de Saúde",37876
"36052-308795",308795,"Ministério da Pesca e Aquicultura",36052
"39816-253",253,"Fundo Nacional de Desenvolvimento da Educação",39816
"37975-308797",308797,"Ministério do Esporte",37975
"37975-308798",308798,"Ministério das Cidades",37975
"37636-308798",308798,"Ministério das Cidades",37636
"42742-253",253,"Fundo Nacional de Desenvolvimento da Educação",42742
"42377-308799",308799,"Ministério da Integração e do Desenvolvimento Regional",42377
"41012-308794",308794,"Ministério do Desenvolvimento Agrário e Agricultura Familiar",41012
"35162-2207",2207,"Fundação Nacional de Saúde",35162
"43536-308798",308798,"Ministério das Cidades",43536
"43639-304",304,"Ministério da Saúde",43639
"40508-308798",308798,"Ministério das Cidades",40508
"42478-308796",308796,"Ministério do Desenvolvimento e Assistência Social, Família e Combate à Fome",42478
"34846-1927",1927,"Ministério do Meio Ambiente",34846
"36210-308798",308798,"Ministério das Cidades",36210
"36210-308799",308799,"Ministério da Integração e do Desenvolvimento Regional",36210
"35675-308799",308799,"Ministério da Integração e do Desenvolvimento Regional",35675
"39335-304",304,"Ministério da Saúde",39335
"36331-308793",308793,"Ministério da Agricultura e Pecuária",36331
"37917-72084",72084,"Ministério do Turismo",37917
"43225-308798",308798,"Ministério das Cidades",43225
"36612-72084",72084,"Ministério do Turismo",36612
"37557-308794",308794,"Ministério do Desenvolvimento Agrário e Agricultura Familiar",37557
"43024-72084",72084,"Ministério do Turismo",43024
"37619-304",304,"Ministério da Saúde",37619
"34580-304",304,"Ministério da Saúde",34580
"41201-308799",308799,"Ministério da Integração e do Desenvolvimento Regional",41201
"36825-308817",308817,"Ministério de Portos e Aeroportos",36825
"41733-1927",1927,"Ministério do Meio Ambiente",41733
"34897-2207",2207,"Fundação Nacional de Saúde",34897
"34897-304",304,"Ministério da Saúde",34897
"37469-308796",308796,"Ministério do Desenvolvimento e Assistência Social, Família e Combate à Fome",37469
"37731-308796",308796,"Ministério do Desenvolvimento e Assistência Social, Família e Combate à Fome",37731
"41788-308796",308796,"Ministério do Desenvolvimento e Assistência Social, Família e Combate à Fome",41788
"37635-308820",308820,"Ministério do Trabalho e Emprego",37635
"36571-1927",1927,"Ministério do Meio Ambiente",36571
"38318-2207",2207,"Fundação Nacional de Saúde",38318
"38318-308796",308796,"Ministério do Desenvolvimento e Assistência Social, Família e Combate à Fome",38318
"38318-304",304,"Ministério da Saúde",38318
"38442-308796",308796,"Ministério do Desenvolvimento e Assistência Social, Família e Combate à Fome",38442
"38409-304",304,"Ministério da Saúde",38409
"38725-304",304,"Ministério da Saúde",38725
"38725-2207",2207,"Fundação Nacional de Saúde",38725
"37850-235881",235881,"Ministério da Justiça e Segurança Pública",37850
"41593-304",304,"Ministério da Saúde",41593
"42548-308798",308798,"Ministério das Cidades",42548
"42449-235881",235881,"Ministério da Justiça e Segurança Pública",42449
"42449-308816",308816,"Ministério dos Direitos Humanos e da Cidadania",42449
"40871-304",304,"Ministério da Saúde",40871
"38800-235881",235881,"Ministério da Justiça e Segurança Pública",38800
"35144-304",304,"Ministério da Saúde",35144
"42603-308796",308796,"Ministério do Desenvolvimento e Assistência Social, Família e Combate à Fome",42603
"43175-308816",308816,"Ministério dos Direitos Humanos e da Cidadania",43175
"39734-267175",267175,"Ministério da Ciência, Tecnologia e Inovações",39734
"43705-267175",267175,"Ministério da Ciência, Tecnologia e Inovações",43705
"35296-235881",235881,"Ministério da Justiça e Segurança Pública",35296
"39146-267175",267175,"Ministério da Ciência, Tecnologia e Inovações",39146
"39560-308793",308793,"Ministério da Agricultura e Pecuária",39560
"42215-308797",308797,"Ministério do Esporte",42215
"42576-1927",1927,"Ministério do Meio Ambiente",42576
"43011-304",304,"Ministério da Saúde",43011
"39018-308796",308796,"Ministério do Desenvolvimento e Assistência Social, Família e Combate à Fome",39018
"37680-2207",2207,"Fundação Nacional de Saúde",37680
"37680-308798",308798,"Ministério das Cidades",37680
"38840-308799",308799,"Ministério da Integração e do Desenvolvimento Regional",38840
"43694-308794",308794,"Ministério do Desenvolvimento Agrário e Agricultura Familiar",43694
"43675-308796",308796,"Ministério do Desenvolvimento e Assistência Social, Família e Combate à Fome",43675
"34923-2207",2207,"Fundação Nacional de Saúde",34923
"34923-308798",308798,"Ministério das Cidades",34923
"34925-2207",2207,"Fundação Nacional de Saúde",34925
"42047-72084",72084,"Ministério do Turismo",42047
"39745-304",304,"Ministério da Saúde",39745
"38510-244",244,"Ministério da Educação",38510
"38510-253",253,"Fundo Nacional de Desenvolvimento da Educação",38510
"38539-72084",72084,"Ministério do Turismo",38539
"34386-308798",308798,"Ministério das Cidades",34386
"34388-308793",308793,"Ministério da Agricultura e Pecuária",34388
"36942-308798",308798,"Ministério das Cidades",36942
"39522-304",304,"Ministério da Saúde",39522
"39627-304",304,"Ministério da Saúde",39627
"43164-304",304,"Ministério da Saúde",43164
"43490-304",304,"Ministério da Saúde",43490
"36400-2207",2207,"Fundação Nacional de Saúde",36400
"36400-304",304,"Ministério da Saúde",36400
"43376-253",253,"Fundo Nacional de Desenvolvimento da Educação",43376
"41355-308798",308798,"Ministério das Cidades",41355
"42722-308798",308798,"Ministério das Cidades",42722
"37687-2207",2207,"Fundação Nacional de Saúde",37687
"41914-304",304,"Ministério da Saúde",41914
"35328-304",304,"Ministério da Saúde",35328
"42685-304",304,"Ministério da Saúde",42685
"37866-304",304,"Ministério da Saúde",37866
"37866-308798",308798,"Ministério das Cidades",37866
"37866-2207",2207,"Fundação Nacional de Saúde",37866
"40537-304",304,"Ministério da Saúde",40537
"43397-308821",308821,"Ministério da Cultura",43397
"37165-1927",1927,"Ministério do Meio Ambiente",37165
"38053-304",304,"Ministério da Saúde",38053
"42489-304",304,"Ministério da Saúde",42489
"42541-1927",1927,"Ministério do Meio Ambiente",42541
"36886-304",304,"Ministério da Saúde",36886
"37677-304",304,"Ministério da Saúde",37677
"42275-267175",267175,"Ministério da Ciência, Tecnologia e Inovações",42275
"41334-72084",72084,"Ministério do Turismo",41334
"41256-308796",308796,"Ministério do Desenvolvimento e Assistência Social, Família e Combate à Fome",41256
"38138-308798",308798,"Ministério das Cidades",38138
"38065-308798",308798,"Ministério das Cidades",38065
"37660-253",253,"Fundo Nacional de Desenvolvimento da Educação",37660
"40441-1927",1927,"Ministério do Meio Ambiente",40441
"36078-253",253,"Fundo Nacional de Desenvolvimento da Educação",36078
"42023-308816",308816,"Ministério dos Direitos Humanos e da Cidadania",42023
"40851-1927",1927,"Ministério do Meio Ambiente",40851
"38040-304",304,"Ministério da Saúde",38040
"40643-304",304,"Ministério da Saúde",40643
"43597-304",304,"Ministério da Saúde",43597
"36080-308798",308798,"Ministério das Cidades",36080
"38161-304",304,"Ministério da Saúde",38161
"39878-304",304,"Ministério da Saúde",39878
"37623-308796",308796,"Ministério do Desenvolvimento e Assistência Social, Família e Combate à Fome",37623
"36446-267175",267175,"Ministério da Ciência, Tecnologia e Inovações",36446
"36164-253",253,"Fundo Nacional de Desenvolvimento da Educação",36164
"37129-308796",308796,"Ministério do Desenvolvimento e Assistência Social, Família e Combate à Fome",37129
"42567-308798",308798,"Ministério das Cidades",42567
"34648-308798",308798,"Ministério das Cidades",34648
"42068-304",304,"Ministério da Saúde",42068
"42090-304",304,"Ministério da Saúde",42090
"34226-308798",308798,"Ministério das Cidades",34226
"43006-304",304,"Ministério da Saúde",43006
"43776-308799",308799,"Ministério da Integração e do Desenvolvimento Regional",43776
"40137-304",304,"Ministério da Saúde",40137
"40016-304",304,"Ministério da Saúde",40016
"38608-308797",308797,"Ministério do Esporte",38608
"36029-308799",308799,"Ministério da Integração e do Desenvolvimento Regional",36029
"36987-308798",308798,"Ministério das Cidades",36987
"42787-304",304,"Ministério da Saúde",42787
"37135-308794",308794,"Ministério do Desenvolvimento Agrário e Agricultura Familiar",37135
"43459-308796",308796,"Ministério do Desenvolvimento e Assistência Social, Família e Combate à Fome",43459
"42682-304",304,"Ministério da Saúde",42682
"42977-308799",308799,"Ministério da Integração e do Desenvolvimento Regional",42977
"43763-308793",308793,"Ministério da Agricultura e Pecuária",43763
"42006-72084",72084,"Ministério do Turismo",42006
"35059-304",304,"Ministério da Saúde",35059
"40939-304",304,"Ministério da Saúde",40939
"34526-308793",308793,"Ministério da Agricultura e Pecuária",34526
"43084-2207",2207,"Fundação Nacional de Saúde",43084
"43084-308798",308798,"Ministério das Cidades",43084
"39185-304",304,"Ministério da Saúde",39185
"42684-304",304,"Ministério da Saúde",42684
"41008-304",304,"Ministério da Saúde",41008
"37921-308799",308799,"Ministério da Integração e do Desenvolvimento Regional",37921
"42755-308798",308798,"Ministério das Cidades",42755
"36812-1927",1927,"Ministério do Meio Ambiente",36812
"36812-308799",308799,"Ministério da Integração e do Desenvolvimento Regional",36812
"43181-304",304,"Ministério da Saúde",43181
"36794-308796",308796,"Ministério do Desenvolvimento e Assistência Social, Família e Combate à Fome",36794
"42014-308798",308798,"Ministério das Cidades",42014
"43543-304",304,"Ministério da Saúde",43543
"43566-304",304,"Ministério da Saúde",43566
"43591-304",304,"Ministério da Saúde",43591
"43691-308798",308798,"Ministério das Cidades",43691
"43691-2207",2207,"Fundação Nacional de Saúde",43691
"36958-308798",308798,"Ministério das Cidades",36958
"36958-2207",2207,"Fundação Nacional de Saúde",36958
"38333-304",304,"Ministério da Saúde",38333
"35484-308821",308821,"Ministério da Cultura",35484
"38513-304",304,"Ministério da Saúde",38513
"35266-72084",72084,"Ministério do Turismo",35266
"39944-308798",308798,"Ministério das Cidades",39944
"39944-304",304,"Ministério da Saúde",39944
"39944-2207",2207,"Fundação Nacional de Saúde",39944
"43598-304",304,"Ministério da Saúde",43598
"37433-2207",2207,"Fundação Nacional de Saúde",37433
"37463-2207",2207,"Fundação Nacional de Saúde",37463
"42910-2207",2207,"Fundação Nacional de Saúde",42910
"36429-72084",72084,"Ministério do Turismo",36429
"43108-1927",1927,"Ministério do Meio Ambiente",43108
"43108-308799",308799,"Ministério da Integração e do Desenvolvimento Regional",43108
"43108-308793",308793,"Ministério da Agricultura e Pecuária",43108
"40562-304",304,"Ministério da Saúde",40562
"37976-308793",308793,"Ministério da Agricultura e Pecuária",37976
"39462-253",253,"Fundo Nacional de Desenvolvimento da Educação",39462
"38191-308798",308798,"Ministério das Cidades",38191
"43046-304",304,"Ministério da Saúde",43046
"37602-2207",2207,"Fundação Nacional de Saúde",37602
"37602-304",304,"Ministério da Saúde",37602
"38662-308794",308794,"Ministério do Desenvolvimento Agrário e Agricultura Familiar",38662
"43786-72084",72084,"Ministério do Turismo",43786
"43774-1927",1927,"Ministério do Meio Ambiente",43774
"36675-308793",308793,"Ministério da Agricultura e Pecuária",36675
"36675-308799",308799,"Ministério da Integração e do Desenvolvimento Regional",36675
"36675-308795",308795,"Ministério da Pesca e Aquicultura",36675
"36675-308794",308794,"Ministério do Desenvolvimento Agrário e Agricultura Familiar",36675
"38760-304",304,"Ministério da Saúde",38760
"39534-308796",308796,"Ministério do Desenvolvimento e Assistência Social, Família e Combate à Fome",39534
"42815-308799",308799,"Ministério da Integração e do Desenvolvimento Regional",42815
"42815-1927",1927,"Ministério do Meio Ambiente",42815
"42815-308793",308793,"Ministério da Agricultura e Pecuária",42815
"43100-308798",308798,"Ministério das Cidades",43100
"36900-308793",308793,"Ministério da Agricultura e Pecuária",36900
"40209-308798",308798,"Ministério das Cidades",40209
"43339-72084",72084,"Ministério do Turismo",43339
"43339-330683",330683,"Ministério do Empreendedorismo, da Microempresa e da Empresa de Pequeno Porte",43339
"41075-2207",2207,"Fundação Nacional de Saúde",41075
"41075-304",304,"Ministério da Saúde",41075
"40386-308799",308799,"Ministério da Integração e do Desenvolvimento Regional",40386
"40386-1927",1927,"Ministério do Meio Ambiente",40386
"34904-2207",2207,"Fundação Nacional de Saúde",34904
"34904-304",304,"Ministério da Saúde",34904
"39594-308795",308795,"Ministério da Pesca e Aquicultura",39594
"39594-308793",308793,"Ministério da Agricultura e Pecuária",39594
"41448-308793",308793,"Ministério da Agricultura e Pecuária",41448
"34740-308817",308817,"Ministério de Portos e Aeroportos",34740
"37343-308798",308798,"Ministério das Cidades",37343
"43766-308794",308794,"Ministério do Desenvolvimento Agrário e Agricultura Familiar",43766
"43766-308793",308793,"Ministério da Agricultura e Pecuária",43766
"36993-304",304,"Ministério da Saúde",36993
"43204-1927",1927,"Ministério do Meio Ambiente",43204
"40890-1927",1927,"Ministério do Meio Ambiente",40890
"38646-308821",308821,"Ministério da Cultura",38646
"38639-308793",308793,"Ministério da Agricultura e Pecuária",38639
"38639-308821",308821,"Ministério da Cultura",38639
"36979-308794",308794,"Ministério do Desenvolvimento Agrário e Agricultura Familiar",36979
"37274-253",253,"Fundo Nacional de Desenvolvimento da Educação",37274
"37355-308798",308798,"Ministério das Cidades",37355
"36478-308793",308793,"Ministério da Agricultura e Pecuária",36478
"35841-308798",308798,"Ministério das Cidades",35841
"37947-304",304,"Ministério da Saúde",37947
"43614-304",304,"Ministério da Saúde",43614
"38425-308798",308798,"Ministério das Cidades",38425
"41289-308795",308795,"Ministério da Pesca e Aquicultura",41289
"37644-72084",72084,"Ministério do Turismo",37644
"39470-72084",72084,"Ministério do Turismo",39470
"41500-253",253,"Fundo Nacional de Desenvolvimento da Educação",41500
"36292-304",304,"Ministério da Saúde",36292
"36292-2207",2207,"Fundação Nacional de Saúde",36292
"37837-308793",308793,"Ministério da Agricultura e Pecuária",37837
"36227-308799",308799,"Ministério da Integração e do Desenvolvimento Regional",36227
"36044-308793",308793,"Ministério da Agricultura e Pecuária",36044
"39233-267175",267175,"Ministério da Ciência, Tecnologia e Inovações",39233
"35703-267175",267175,"Ministério da Ciência, Tecnologia e Inovações",35703
"35713-304",304,"Ministério da Saúde",35713
"39120-2207",2207,"Fundação Nacional de Saúde",39120
"39120-304",304,"Ministério da Saúde",39120
"39740-308799",308799,"Ministério da Integração e do Desenvolvimento Regional",39740
"43759-308821",308821,"Ministério da Cultura",43759
"34689-304",304,"Ministério da Saúde",34689
"38626-304",304,"Ministério da Saúde",38626
"39319-1927",1927,"Ministério do Meio Ambiente",39319
"39319-308799",308799,"Ministério da Integração e do Desenvolvimento Regional",39319
"40944-1927",1927,"Ministério do Meio Ambiente",40944
"39708-1927",1927,"Ministério do Meio Ambiente",39708
"40590-235881",235881,"Ministério da Justiça e Segurança Pública",40590
"37809-308798",308798,"Ministério das Cidades",37809
"41519-304",304,"Ministério da Saúde",41519
"36242-308799",308799,"Ministério da Integração e do Desenvolvimento Regional",36242
"41495-2207",2207,"Fundação Nacional de Saúde",41495
"41495-308798",308798,"Ministério das Cidades",41495
"38131-304",304,"Ministério da Saúde",38131
"34422-304",304,"Ministério da Saúde",34422
"37409-308798",308798,"Ministério das Cidades",37409
"42993-308796",308796,"Ministério do Desenvolvimento e Assistência Social, Família e Combate à Fome",42993
"43098-2207",2207,"Fundação Nacional de Saúde",43098
"43476-304",304,"Ministério da Saúde",43476
"37586-308798",308798,"Ministério das Cidades",37586
"35117-308796",308796,"Ministério do Desenvolvimento e Assistência Social, Família e Combate à Fome",35117
"34896-308798",308798,"Ministério das Cidades",34896
"34896-2207",2207,"Fundação Nacional de Saúde",34896
"34892-308799",308799,"Ministério da Integração e do Desenvolvimento Regional",34892
"34892-308795",308795,"Ministério da Pesca e Aquicultura",34892
"34892-308793",308793,"Ministério da Agricultura e Pecuária",34892
"37808-72084",72084,"Ministério do Turismo",37808
"41549-267175",267175,"Ministério da Ciência, Tecnologia e Inovações",41549
"42457-304",304,"Ministério da Saúde",42457
"39301-304",304,"Ministério da Saúde",39301
"41961-304",304,"Ministério da Saúde",41961
"34988-304",304,"Ministério da Saúde",34988
"40747-308817",308817,"Ministério de Portos e Aeroportos",40747
"38723-308796",308796,"Ministério do Desenvolvimento e Assistência Social, Família e Combate à Fome",38723
"36593-308794",308794,"Ministério do Desenvolvimento Agrário e Agricultura Familiar",36593
"36593-308793",308793,"Ministério da Agricultura e Pecuária",36593
"36593-308799",308799,"Ministério da Integração e do Desenvolvimento Regional",36593
"36593-308795",308795,"Ministério da Pesca e Aquicultura",36593
"42365-304",304,"Ministério da Saúde",42365
"40458-72084",72084,"Ministério do Turismo",40458
"39048-308799",308799,"Ministério da Integração e do Desenvolvimento Regional",39048
"39054-308799",308799,"Ministério da Integração e do Desenvolvimento Regional",39054
"43846-308798",308798,"Ministério das Cidades",43846
"43846-2207",2207,"Fundação Nacional de Saúde",43846
"36961-304",304,"Ministério da Saúde",36961
"35576-2207",2207,"Fundação Nacional de Saúde",35576
"35576-304",304,"Ministério da Saúde",35576
"36036-304",304,"Ministério da Saúde",36036
"38582-1927",1927,"Ministério do Meio Ambiente",38582
"39230-2207",2207,"Fundação Nacional de Saúde",39230
"39230-304",304,"Ministério da Saúde",39230
"37531-2207",2207,"Fundação Nacional de Saúde",37531
"37531-308798",308798,"Ministério das Cidades",37531
"37531-304",304,"Ministério da Saúde",37531
"37630-308798",308798,"Ministério das Cidades",37630
"37597-308794",308794,"Ministério do Desenvolvimento Agrário e Agricultura Familiar",37597
"39028-308817",308817,"Ministério de Portos e Aeroportos",39028
"35750-308794",308794,"Ministério do Desenvolvimento Agrário e Agricultura Familiar",35750
"42417-244",244,"Ministério da Educação",42417
"35844-2207",2207,"Fundação Nacional de Saúde",35844
"35844-308798",308798,"Ministério das Cidades",35844
"34312-304",304,"Ministério da Saúde",34312
"34984-308793",308793,"Ministério da Agricultura e Pecuária",34984
"38250-308798",308798,"Ministério das Cidades",38250
"41688-304",304,"Ministério da Saúde",41688
"41829-308799",308799,"Ministério da Integração e do Desenvolvimento Regional",41829
"41829-308793",308793,"Ministério da Agricultura e Pecuária",41829
"41829-308795",308795,"Ministério da Pesca e Aquicultura",41829
"42280-304",304,"Ministério da Saúde",42280
"40231-267175",267175,"Ministério da Ciência, Tecnologia e Inovações",40231
"35110-308796",308796,"Ministério do Desenvolvimento e Assistência Social, Família e Combate à Fome",35110
"39721-308799",308799,"Ministério da Integração e do Desenvolvimento Regional",39721
"39721-1927",1927,"Ministério do Meio Ambiente",39721
"37440-304",304,"Ministério da Saúde",37440
"40767-72084",72084,"Ministério do Turismo",40767
"35862-308798",308798,"Ministério das Cidades",35862
"41885-304",304,"Ministério da Saúde",41885
"42181-308799",308799,"Ministério da Integração e do Desenvolvimento Regional",42181
"40565-72084",72084,"Ministério do Turismo",40565
"40611-304",304,"Ministério da Saúde",40611
"39095-308794",308794,"Ministério do Desenvolvimento Agrário e Agricultura Familiar",39095
"36065-2207",2207,"Fundação Nacional de Saúde",36065
"36065-304",304,"Ministério da Saúde",36065
"39288-253",253,"Fundo Nacional de Desenvolvimento da Educação",39288
"40082-1927",1927,"Ministério do Meio Ambiente",40082
"43806-308796",308796,"Ministério do Desenvolvimento e Assistência Social, Família e Combate à Fome",43806
"39249-1927",1927,"Ministério do Meio Ambiente",39249
"40693-304",304,"Ministério da Saúde",40693
"41081-2207",2207,"Fundação Nacional de Saúde",41081
"35989-308793",308793,"Ministério da Agricultura e Pecuária",35989
"35989-1927",1927,"Ministério do Meio Ambiente",35989
"35989-308799",308799,"Ministério da Integração e do Desenvolvimento Regional",35989
"34471-308798",308798,"Ministério das Cidades",34471
"38712-253",253,"Fundo Nacional de Desenvolvimento da Educação",38712
"37897-308817",308817,"Ministério de Portos e Aeroportos",37897
"37678-1927",1927,"Ministério do Meio Ambiente",37678
"37512-1927",1927,"Ministério do Meio Ambiente",37512
"36445-308799",308799,"Ministério da Integração e do Desenvolvimento Regional",36445
"42050-308799",308799,"Ministério da Integração e do Desenvolvimento Regional",42050
"42050-308798",308798,"Ministério das Cidades",42050
"35935-304",304,"Ministério da Saúde",35935
"35957-308793",308793,"Ministério da Agricultura e Pecuária",35957
"41214-72084",72084,"Ministério do Turismo",41214
"41975-308798",308798,"Ministério das Cidades",41975
"35587-308799",308799,"Ministério da Integração e do Desenvolvimento Regional",35587
"37815-304",304,"Ministério da Saúde",37815
"42072-308795",308795,"Ministério da Pesca e Aquicultura",42072
"42072-308793",308793,"Ministério da Agricultura e Pecuária",42072
"43257-2207",2207,"Fundação Nacional de Saúde",43257
"39388-308798",308798,"Ministério das Cidades",39388
"41652-308796",308796,"Ministério do Desenvolvimento e Assistência Social, Família e Combate à Fome",41652
"40357-72084",72084,"Ministério do Turismo",40357
"40855-308796",308796,"Ministério do Desenvolvimento e Assistência Social, Família e Combate à Fome",40855
"39509-308797",308797,"Ministério do Esporte",39509
"42042-253",253,"Fundo Nacional de Desenvolvimento da Educação",42042
"38506-304",304,"Ministério da Saúde",38506
"39848-304",304,"Ministério da Saúde",39848
"42633-304",304,"Ministério da Saúde",42633
"42633-308798",308798,"Ministério das Cidades",42633
"42633-2207",2207,"Fundação Nacional de Saúde",42633
"42648-308799",308799,"Ministério da Integração e do Desenvolvimento Regional",42648
"42614-1927",1927,"Ministério do Meio Ambiente",42614
"43158-1927",1927,"Ministério do Meio Ambiente",43158
"40560-304",304,"Ministério da Saúde",40560
"41372-304",304,"Ministério da Saúde",41372
"43191-304",304,"Ministério da Saúde",43191
"39794-308798",308798,"Ministério das Cidades",39794
"38166-72084",72084,"Ministério do Turismo",38166
"38129-308799",308799,"Ministério da Integração e do Desenvolvimento Regional",38129
"38300-304",304,"Ministério da Saúde",38300
"42134-308795",308795,"Ministério da Pesca e Aquicultura",42134
"42134-1927",1927,"Ministério do Meio Ambiente",42134
"42134-308793",308793,"Ministério da Agricultura e Pecuária",42134
"35901-308797",308797,"Ministério do Esporte",35901
"42604-308797",308797,"Ministério do Esporte",42604
"38683-72084",72084,"Ministério do Turismo",38683
"43687-308798",308798,"Ministério das Cidades",43687
"39076-308793",308793,"Ministério da Agricultura e Pecuária",39076
"34538-308797",308797,"Ministério do Esporte",34538
"41795-1927",1927,"Ministério do Meio Ambiente",41795
"41795-308799",308799,"Ministério da Integração e do Desenvolvimento Regional",41795
"39972-308795",308795,"Ministério da Pesca e Aquicultura",39972
"39972-308799",308799,"Ministério da Integração e do Desenvolvimento Regional",39972
"39972-308793",308793,"Ministério da Agricultura e Pecuária",39972
"39972-308794",308794,"Ministério do Desenvolvimento Agrário e Agricultura Familiar",39972
"38023-2207",2207,"Fundação Nacional de Saúde",38023
"40185-308793",308793,"Ministério da Agricultura e Pecuária",40185
"37016-304",304,"Ministério da Saúde",37016
"37004-304",304,"Ministério da Saúde",37004
"41216-304",304,"Ministério da Saúde",41216
"42017-308798",308798,"Ministério das Cidades",42017
"42017-2207",2207,"Fundação Nacional de Saúde",42017
"43294-304",304,"Ministério da Saúde",43294
"40547-2207",2207,"Fundação Nacional de Saúde",40547
"40547-304",304,"Ministério da Saúde",40547
"38907-304",304,"Ministério da Saúde",38907
"38853-308796",308796,"Ministério do Desenvolvimento e Assistência Social, Família e Combate à Fome",38853
"42486-308793",308793,"Ministério da Agricultura e Pecuária",42486
"42486-308795",308795,"Ministério da Pesca e Aquicultura",42486
"35140-308798",308798,"Ministério das Cidades",35140
"35140-2207",2207,"Fundação Nacional de Saúde",35140
"35151-308799",308799,"Ministério da Integração e do Desenvolvimento Regional",35151
"40469-308798",308798,"Ministério das Cidades",40469
"41019-304",304,"Ministério da Saúde",41019
"39506-304",304,"Ministério da Saúde",39506
"36946-308798",308798,"Ministério das Cidades",36946
"36946-308799",308799,"Ministério da Integração e do Desenvolvimento Regional",36946
"41275-308798",308798,"Ministério das Cidades",41275
"41625-2207",2207,"Fundação Nacional de Saúde",41625
"41625-308798",308798,"Ministério das Cidades",41625
"41630-308794",308794,"Ministério do Desenvolvimento Agrário e Agricultura Familiar",41630
"36104-304",304,"Ministério da Saúde",36104
"41522-304",304,"Ministério da Saúde",41522
"41544-2207",2207,"Fundação Nacional de Saúde",41544
"43522-308798",308798,"Ministério das Cidades",43522
"42315-304",304,"Ministério da Saúde",42315
"41457-304",304,"Ministério da Saúde",41457
"38101-72084",72084,"Ministério do Turismo",38101
"37025-308793",308793,"Ministério da Agricultura e Pecuária",37025
"37844-2207",2207,"Fundação Nacional de Saúde",37844
"43661-304",304,"Ministério da Saúde",43661
"41419-308793",308793,"Ministério da Agricultura e Pecuária",41419
"41419-308795",308795,"Ministério da Pesca e Aquicultura",41419
"39468-308799",308799,"Ministério da Integração e do Desenvolvimento Regional",39468
"36116-308798",308798,"Ministério das Cidades",36116
"39276-304",304,"Ministério da Saúde",39276
"39276-2207",2207,"Fundação Nacional de Saúde",39276
"36024-304",304,"Ministério da Saúde",36024
"41659-308793",308793,"Ministério da Agricultura e Pecuária",41659
"34137-308798",308798,"Ministério das Cidades",34137
"43483-304",304,"Ministério da Saúde",43483
"43483-2207",2207,"Fundação Nacional de Saúde",43483
"38908-308798",308798,"Ministério das Cidades",38908
"39525-267175",267175,"Ministério da Ciência, Tecnologia e Inovações",39525
"36892-72084",72084,"Ministério do Turismo",36892
"36838-2207",2207,"Fundação Nacional de Saúde",36838
"36838-304",304,"Ministério da Saúde",36838
"39724-308793",308793,"Ministério da Agricultura e Pecuária",39724
"40354-304",304,"Ministério da Saúde",40354
"40354-2207",2207,"Fundação Nacional de Saúde",40354
"40499-308796",308796,"Ministério do Desenvolvimento e Assistência Social, Família e Combate à Fome",40499
"40499-2207",2207,"Fundação Nacional de Saúde",40499
"40499-308798",308798,"Ministério das Cidades",40499
"40499-304",304,"Ministério da Saúde",40499
"41387-304",304,"Ministério da Saúde",41387
"42607-304",304,"Ministério da Saúde",42607
"35272-308798",308798,"Ministério das Cidades",35272
"43103-1927",1927,"Ministério do Meio Ambiente",43103
"43600-1927",1927,"Ministério do Meio Ambiente",43600
"43600-308793",308793,"Ministério da Agricultura e Pecuária",43600
"43616-72084",72084,"Ministério do Turismo",43616
"35765-308816",308816,"Ministério dos Direitos Humanos e da Cidadania",35765
"37361-308798",308798,"Ministério das Cidades",37361
"39982-304",304,"Ministério da Saúde",39982
"41726-304",304,"Ministério da Saúde",41726
"38622-308798",308798,"Ministério das Cidades",38622
"43810-72084",72084,"Ministério do Turismo",43810
"35539-308796",308796,"Ministério do Desenvolvimento e Assistência Social, Família e Combate à Fome",35539
"41654-72084",72084,"Ministério do Turismo",41654
"43718-304",304,"Ministério da Saúde",43718
"41839-308799",308799,"Ministério da Integração e do Desenvolvimento Regional",41839
"41839-308793",308793,"Ministério da Agricultura e Pecuária",41839
"41839-308795",308795,"Ministério da Pesca e Aquicultura",41839
"38599-308817",308817,"Ministério de Portos e Aeroportos",38599
"38164-253",253,"Fundo Nacional de Desenvolvimento da Educação",38164
"38164-244",244,"Ministério da Educação",38164
"34686-308798",308798,"Ministério das Cidades",34686
"34686-2207",2207,"Fundação Nacional de Saúde",34686
"38474-304",304,"Ministério da Saúde",38474
"38474-308798",308798,"Ministério das Cidades",38474
"38474-2207",2207,"Fundação Nacional de Saúde",38474
"38159-72084",72084,"Ministério do Turismo",38159
"38196-304",304,"Ministério da Saúde",38196
"40781-267175",267175,"Ministério da Ciência, Tecnologia e Inovações",40781
"41468-2207",2207,"Fundação Nacional de Saúde",41468
"41468-308798",308798,"Ministério das Cidades",41468
"39248-308793",308793,"Ministério da Agricultura e Pecuária",39248
"38404-308793",308793,"Ministério da Agricultura e Pecuária",38404
"43301-308798",308798,"Ministério das Cidades",43301
"41644-308798",308798,"Ministério das Cidades",41644
"41644-2207",2207,"Fundação Nacional de Saúde",41644
"39446-72084",72084,"Ministério do Turismo",39446
"35535-308793",308793,"Ministério da Agricultura e Pecuária",35535
"38888-308796",308796,"Ministério do Desenvolvimento e Assistência Social, Família e Combate à Fome",38888
"35025-304",304,"Ministério da Saúde",35025
"35025-2207",2207,"Fundação Nacional de Saúde",35025
"40709-304",304,"Ministério da Saúde",40709
"41017-304",304,"Ministério da Saúde",41017
"43576-308798",308798,"Ministério das Cidades",43576
"37550-1927",1927,"Ministério do Meio Ambiente",37550
"37556-1927",1927,"Ministério do Meio Ambiente",37556
"41837-308796",308796,"Ministério do Desenvolvimento e Assistência Social, Família e Combate à Fome",41837
"38901-267175",267175,"Ministério da Ciência, Tecnologia e Inovações",38901
"40495-308798",308798,"Ministério das Cidades",40495
"40495-2207",2207,"Fundação Nacional de Saúde",40495
"42969-1927",1927,"Ministério do Meio Ambiente",42969
"43008-1927",1927,"Ministério do Meio Ambiente",43008
"42941-308798",308798,"Ministério das Cidades",42941
"38787-308799",308799,"Ministério da Integração e do Desenvolvimento Regional",38787
"39515-308796",308796,"Ministério do Desenvolvimento e Assistência Social, Família e Combate à Fome",39515
"40663-304",304,"Ministério da Saúde",40663
"40716-304",304,"Ministério da Saúde",40716
"37456-308798",308798,"Ministério das Cidades",37456
"38192-253",253,"Fundo Nacional de Desenvolvimento da Educação",38192
"35978-308798",308798,"Ministério das Cidades",35978
"35978-2207",2207,"Fundação Nacional de Saúde",35978
"35637-308795",308795,"Ministério da Pesca e Aquicultura",35637
"41611-308799",308799,"Ministério da Integração e do Desenvolvimento Regional",41611
"41611-308795",308795,"Ministério da Pesca e Aquicultura",41611
"41611-308793",308793,"Ministério da Agricultura e Pecuária",41611
"35195-308799",308799,"Ministério da Integração e do Desenvolvimento Regional",35195
"40994-308793",308793,"Ministério da Agricultura e Pecuária",40994
"41720-304",304,"Ministério da Saúde",41720
"42427-308793",308793,"Ministério da Agricultura e Pecuária",42427
"36634-72084",72084,"Ministério do Turismo",36634
"35720-308798",308798,"Ministério das Cidades",35720
"34454-304",304,"Ministério da Saúde",34454
"34454-2207",2207,"Fundação Nacional de Saúde",34454
"41505-308795",308795,"Ministério da Pesca e Aquicultura",41505
"41505-308793",308793,"Ministério da Agricultura e Pecuária",41505
"41505-308794",308794,"Ministério do Desenvolvimento Agrário e Agricultura Familiar",41505
"37282-308793",308793,"Ministério da Agricultura e Pecuária",37282
"37282-308799",308799,"Ministério da Integração e do Desenvolvimento Regional",37282
"37282-308795",308795,"Ministério da Pesca e Aquicultura",37282
"37282-308794",308794,"Ministério do Desenvolvimento Agrário e Agricultura Familiar",37282
"41995-308798",308798,"Ministério das Cidades",41995
"43205-308796",308796,"Ministério do Desenvolvimento e Assistência Social, Família e Combate à Fome",43205
"35611-308799",308799,"Ministério da Integração e do Desenvolvimento Regional",35611
"35611-308815",308815,"Ministério das Mulheres",35611
"35611-235881",235881,"Ministério da Justiça e Segurança Pública",35611
"35611-308816",308816,"Ministério dos Direitos Humanos e da Cidadania",35611
"38944-304",304,"Ministério da Saúde",38944
"38701-308821",308821,"Ministério da Cultura",38701
"40609-304",304,"Ministério da Saúde",40609
"37079-304",304,"Ministério da Saúde",37079
"38876-308799",308799,"Ministério da Integração e do Desenvolvimento Regional",38876
"38670-308793",308793,"Ministério da Agricultura e Pecuária",38670
"43050-304",304,"Ministério da Saúde",43050
"43147-304",304,"Ministério da Saúde",43147
"35264-253",253,"Fundo Nacional de Desenvolvimento da Educação",35264
"37728-2207",2207,"Fundação Nacional de Saúde",37728
"44445-304",304,"Ministério da Saúde",44445
"44313-304",304,"Ministério da Saúde",44313
"46926-304",304,"Ministério da Saúde",46926
"45354-304",304,"Ministério da Saúde",45354
"45436-304",304,"Ministério da Saúde",45436
"45678-308817",308817,"Ministério de Portos e Aeroportos",45678
"44389-267175",267175,"Ministério da Ciência, Tecnologia e Inovações",44389
"44552-304",304,"Ministério da Saúde",44552
"44714-308816",308816,"Ministério dos Direitos Humanos e da Cidadania",44714
"46758-308798",308798,"Ministério das Cidades",46758
"44971-308796",308796,"Ministério do Desenvolvimento e Assistência Social, Família e Combate à Fome",44971
"44309-304",304,"Ministério da Saúde",44309
"46103-308794",308794,"Ministério do Desenvolvimento Agrário e Agricultura Familiar",46103
"46128-304",304,"Ministério da Saúde",46128
"46128-2207",2207,"Fundação Nacional de Saúde",46128
"46128-308796",308796,"Ministério do Desenvolvimento e Assistência Social, Família e Combate à Fome",46128
"45906-304",304,"Ministério da Saúde",45906
"45184-308816",308816,"Ministério dos Direitos Humanos e da Cidadania",45184
"45278-330683",330683,"Ministério do Empreendedorismo, da Microempresa e da Empresa de Pequeno Porte",45278
"46355-304",304,"Ministério da Saúde",46355
"46335-308816",308816,"Ministério dos Direitos Humanos e da Cidadania",46335
"46979-304",304,"Ministério da Saúde",46979
"44233-308798",308798,"Ministério das Cidades",44233
"45469-308798",308798,"Ministério das Cidades",45469
"44500-308816",308816,"Ministério dos Direitos Humanos e da Cidadania",44500
"46665-308816",308816,"Ministério dos Direitos Humanos e da Cidadania",46665
"46768-308820",308820,"Ministério do Trabalho e Emprego",46768
"46834-304",304,"Ministério da Saúde",46834
"46838-308816",308816,"Ministério dos Direitos Humanos e da Cidadania",46838
